<?xml version="1.0" encoding="UTF-8"?>
<metadata xml:lang="en"><Esri><CreaDate>20140702</CreaDate><CreaTime>17131800</CreaTime><ArcGISFormat>1.0</ArcGISFormat><SyncOnce>FALSE</SyncOnce><DataProperties><lineage><Process ToolSource="C:\Program Files (x86)\ArcGIS\Desktop10.0\ArcToolbox\Toolboxes\Conversion Tools.tbx\RasterToPolygon" Date="20140702" Time="103105">RasterToPolygon C:\Users\Sungwook\AppData\Local\Temp\AH20140702102811\tmp17f4 C:\Users\Sungwook\AppData\Local\Temp\AH20140702102811\AHTemp.gdb\tmpAF92 NO_SIMPLIFY VALUE</Process><Process ToolSource="C:\Program Files (x86)\ArcGIS\Desktop10.0\ArcToolbox\Toolboxes\Data Management Tools.tbx\Dissolve" Date="20140702" Time="103106">Dissolve C:\Users\Sungwook\AppData\Local\Temp\AH20140702102811\AHTemp.gdb\tmpAF92 D:\CALIFORNIA\GISwork\subbasin.gdb\Layers\Subwatersheds_CONSU grid_code # MULTI_PART DISSOLVE_LINES</Process><Process ToolSource="C:\Program Files (x86)\ArcGIS\Desktop10.0\ArcToolbox\Toolboxes\Data Management Tools.tbx\AddField" Date="20140702" Time="103109">AddField D:\CALIFORNIA\GISwork\subbasin.gdb\Subwatersheds_CONSU HydroID LONG # # # HydroID NULLABLE NON_REQUIRED #</Process><Process ToolSource="C:\Program Files (x86)\ArcGIS\Desktop10.0\ArcToolbox\Toolboxes\Data Management Tools.tbx\AddField" Date="20140702" Time="103109">AddField D:\CALIFORNIA\GISwork\subbasin.gdb\Subwatersheds_CONSU Name TEXT # # # Name NULLABLE NON_REQUIRED #</Process><Process ToolSource="C:\Program Files (x86)\ArcGIS\Desktop10.0\ArcToolbox\Toolboxes\Arc Hydro Tools.tbx\AssignHydroID" Date="20140702" Time="103109">AssignHydroID D:\CALIFORNIA\GISwork\subbasin.gdb\Layers\Subwatersheds_CONSU OVERWRITE_NO</Process><Process ToolSource="C:\Program Files (x86)\ArcGIS\Desktop10.0\ArcToolbox\Toolboxes\Data Management Tools.tbx\DeleteField" Date="20140702" Time="103111">DeleteField D:\CALIFORNIA\GISwork\subbasin.gdb\Layers\Subwatersheds_CONSU grid_code</Process><Process ToolSource="C:\Program Files (x86)\ArcGIS\Desktop10.0\ArcToolbox\Toolboxes\Data Management Tools.tbx\Merge" Date="20140704" Time="095924">Merge CONSU;DPR_I;KINGS;LK_MC;MILLE;N_HOG;N_MEL;OROVI;PRD_C;SHAST;SAC_B;SMART;TRINI D:\CALIFORNIA\SubBasin\shpfile\Merge_subbasin.shp "OBJECTID "OBJECTID" true true false 9 Long 0 9 ,First,#,CONSU,OBJECTID,-1,-1,DPR_I,OBJECTID,-1,-1,KINGS,OBJECTID,-1,-1;Shape_Leng "Shape_Leng" true true false 19 Double 0 0 ,First,#,CONSU,Shape_Leng,-1,-1,DPR_I,Shape_Leng,-1,-1,KINGS,Shape_Leng,-1,-1,LK_MC,Shape_Leng,-1,-1,MILLE,Shape_Leng,-1,-1,N_HOG,Shape_Leng,-1,-1,N_MEL,Shape_Leng,-1,-1,OROVI,Shape_Leng,-1,-1,PRD_C,Shape_Leng,-1,-1,SHAST,Shape_Leng,-1,-1,SAC_B,Shape_Leng,-1,-1,SMART,Shape_Leng,-1,-1,TRINI,Shape_Leng,-1,-1;Shape_Area "Shape_Area" true true false 19 Double 0 0 ,First,#,CONSU,Shape_Area,-1,-1,DPR_I,Shape_Area,-1,-1,KINGS,Shape_Area,-1,-1,LK_MC,Shape_Area,-1,-1,MILLE,Shape_Area,-1,-1,N_HOG,Shape_Area,-1,-1,N_MEL,Shape_Area,-1,-1,OROVI,Shape_Area,-1,-1,PRD_C,Shape_Area,-1,-1,SHAST,Shape_Area,-1,-1,SAC_B,Shape_Area,-1,-1,SMART,Shape_Area,-1,-1,TRINI,Shape_Area,-1,-1;HydroID "HydroID" true true false 9 Long 0 9 ,First,#,CONSU,HydroID,-1,-1,DPR_I,HydroID,-1,-1,KINGS,HydroID,-1,-1,LK_MC,HydroID,-1,-1,MILLE,HydroID,-1,-1,N_HOG,HydroID,-1,-1,N_MEL,HydroID,-1,-1,OROVI,HydroID,-1,-1,PRD_C,HydroID,-1,-1,SHAST,HydroID,-1,-1,SAC_B,HydroID,-1,-1,SMART,HydroID,-1,-1,TRINI,HydroID,-1,-1;Name "Name" true true false 254 Text 0 0 ,First,#,CONSU,Name,-1,-1,DPR_I,Name,-1,-1,KINGS,Name,-1,-1,LK_MC,Name,-1,-1,MILLE,Name,-1,-1,N_HOG,Name,-1,-1,N_MEL,Name,-1,-1,OROVI,Name,-1,-1,PRD_C,Name,-1,-1,SHAST,Name,-1,-1,SAC_B,Name,-1,-1,SMART,Name,-1,-1,TRINI,Name,-1,-1"</Process><Process ToolSource="C:\Program Files (x86)\ArcGIS\Desktop10.0\ArcToolbox\Toolboxes\Data Management Tools.tbx\Merge" Date="20140704" Time="100031">Merge Merge_subbasin;FOL_I D:\CALIFORNIA\SubBasin\shpfile\All_subbasin.shp "OBJECTID "OBJECTID" true true false 9 Long 0 9 ,First,#,Merge_subbasin,OBJECTID,-1,-1;Shape_Leng "Shape_Leng" true true false 19 Double 0 0 ,First,#,Merge_subbasin,Shape_Leng,-1,-1,FOL_I,Shape_Leng,-1,-1;Shape_Area "Shape_Area" true true false 19 Double 0 0 ,First,#,Merge_subbasin,Shape_Area,-1,-1,FOL_I,Shape_Area,-1,-1;HydroID "HydroID" true true false 9 Long 0 9 ,First,#,Merge_subbasin,HydroID,-1,-1,FOL_I,HydroID,-1,-1;Name "Name" true true false 254 Text 0 0 ,First,#,Merge_subbasin,Name,-1,-1,FOL_I,Name,-1,-1"</Process></lineage><itemProps><itemName Sync="TRUE">All_subbasin</itemName><imsContentType Sync="TRUE">002</imsContentType><itemLocation><linkage Sync="TRUE">file://\\SUNGWOOK-PC\D$\CALIFORNIA\SubBasin\shpfile\All_subbasin.shp</linkage><protocol Sync="TRUE">Local Area Network</protocol></itemLocation><itemSize Sync="TRUE">0.000</itemSize></itemProps><coordRef><type Sync="TRUE">Geographic</type><geogcsn Sync="TRUE">GCS_WGS_1984</geogcsn><peXml Sync="TRUE">&lt;GeographicCoordinateSystem xsi:type='typens:GeographicCoordinateSystem' xmlns:xsi='http://www.w3.org/2001/XMLSchema-instance' xmlns:xs='http://www.w3.org/2001/XMLSchema' xmlns:typens='http://www.esri.com/schemas/ArcGIS/10.0'&gt;&lt;WKT&gt;GEOGCS[&amp;quot;GCS_WGS_1984&amp;quot;,DATUM[&amp;quot;D_WGS_1984&amp;quot;,SPHEROID[&amp;quot;WGS_1984&amp;quot;,6378137.0,298.257223563]],PRIMEM[&amp;quot;Greenwich&amp;quot;,0.0],UNIT[&amp;quot;Degree&amp;quot;,0.0174532925199433],AUTHORITY[&amp;quot;EPSG&amp;quot;,4326]]&lt;/WKT&gt;&lt;XOrigin&gt;-399.99999999999989&lt;/XOrigin&gt;&lt;YOrigin&gt;-399.99999999999989&lt;/YOrigin&gt;&lt;XYScale&gt;11258999068426.24&lt;/XYScale&gt;&lt;ZOrigin&gt;-100000&lt;/ZOrigin&gt;&lt;ZScale&gt;10000&lt;/ZScale&gt;&lt;MOrigin&gt;-100000&lt;/MOrigin&gt;&lt;MScale&gt;10000&lt;/MScale&gt;&lt;XYTolerance&gt;8.9831528411952133e-009&lt;/XYTolerance&gt;&lt;ZTolerance&gt;0.001&lt;/ZTolerance&gt;&lt;MTolerance&gt;0.001&lt;/MTolerance&gt;&lt;HighPrecision&gt;true&lt;/HighPrecision&gt;&lt;LeftLongitude&gt;-180&lt;/LeftLongitude&gt;&lt;WKID&gt;4326&lt;/WKID&gt;&lt;/GeographicCoordinateSystem&gt;</peXml></coordRef></DataProperties><SyncDate>20140704</SyncDate><SyncTime>10003100</SyncTime><ModDate>20140704</ModDate><ModTime>10003100</ModTime></Esri><dataIdInfo><envirDesc Sync="TRUE">Microsoft Windows Server 2008 R2 Version 6.1 (Build 7601) Service Pack 1; ESRI ArcGIS 10.0.0.2414</envirDesc><dataLang><languageCode value="eng" country="USA"></languageCode></dataLang><idCitation><resTitle Sync="TRUE">All_subbasin</resTitle><presForm><PresFormCd value="005"></PresFormCd></presForm></idCitation><descKeys><thesaName uuidref="723f6998-058e-11dc-8314-0800200c9a66"></thesaName><keyword Sync="TRUE">002</keyword></descKeys><spatRpType><SpatRepTypCd value="001"></SpatRepTypCd></spatRpType></dataIdInfo><mdLang><languageCode value="eng"></languageCode></mdLang><distInfo><distFormat><formatName Sync="TRUE">Shapefile</formatName></distFormat><distTranOps><transSize Sync="TRUE">0.000</transSize></distTranOps></distInfo><mdHrLv><ScopeCd value="005"></ScopeCd></mdHrLv><mdHrLvName Sync="TRUE">dataset</mdHrLvName><refSysInfo><RefSystem><refSysID><identCode code="4326"></identCode><idCodeSpace Sync="TRUE">EPSG</idCodeSpace><idVersion Sync="TRUE">7.4.1</idVersion></refSysID></RefSystem></refSysInfo><spdoinfo><ptvctinf><esriterm Name="All_subbasin"><efeatyp Sync="TRUE">Simple</efeatyp><efeageom Sync="TRUE">4</efeageom><esritopo Sync="TRUE">FALSE</esritopo><efeacnt Sync="TRUE">0</efeacnt><spindex Sync="TRUE">FALSE</spindex><linrefer Sync="TRUE">FALSE</linrefer></esriterm></ptvctinf></spdoinfo><spatRepInfo><VectSpatRep><topLvl><TopoLevCd value="001"></TopoLevCd></topLvl><geometObjs><geoObjTyp><GeoObjTypCd value="002"></GeoObjTypCd><geoObjCnt Sync="TRUE">0</geoObjCnt></geoObjTyp></geometObjs></VectSpatRep></spatRepInfo><eainfo><detailed Name="All_subbasin"><enttyp><enttypl Sync="TRUE">All_subbasin</enttypl><enttypt Sync="TRUE">Feature Class</enttypt><enttypc Sync="TRUE">0</enttypc></enttyp><attr><attrlabl Sync="TRUE">FID</attrlabl><attalias Sync="TRUE">FID</attalias><attrtype Sync="TRUE">OID</attrtype><attwidth Sync="TRUE">4</attwidth><atprecis Sync="TRUE">0</atprecis><attscale Sync="TRUE">0</attscale><attrdef Sync="TRUE">Internal feature number.</attrdef><attrdefs Sync="TRUE">ESRI</attrdefs><attrdomv><udom Sync="TRUE">Sequential unique whole numbers that are automatically generated.</udom></attrdomv></attr><attr><attrlabl Sync="TRUE">OBJECTID</attrlabl><attalias Sync="TRUE">OBJECTID</attalias><attrtype Sync="TRUE">Integer</attrtype><attwidth Sync="TRUE">9</attwidth><atprecis Sync="TRUE">9</atprecis><attscale Sync="TRUE">0</attscale><attrdef Sync="TRUE">Internal feature number.</attrdef><attrdefs Sync="TRUE">ESRI</attrdefs><attrdomv><udom Sync="TRUE">Sequential unique whole numbers that are automatically generated.</udom></attrdomv></attr><attr><attrlabl Sync="TRUE">Shape</attrlabl><attalias Sync="TRUE">Shape</attalias><attrtype Sync="TRUE">Geometry</attrtype><attwidth Sync="TRUE">0</attwidth><atprecis Sync="TRUE">0</atprecis><attscale Sync="TRUE">0</attscale><attrdef Sync="TRUE">Feature geometry.</attrdef><attrdefs Sync="TRUE">ESRI</attrdefs><attrdomv><udom Sync="TRUE">Coordinates defining the features.</udom></attrdomv></attr><attr><attrlabl Sync="TRUE">Shape_Leng</attrlabl><attalias Sync="TRUE">Shape_Leng</attalias><attrtype Sync="TRUE">Double</attrtype><attwidth Sync="TRUE">19</attwidth><atprecis Sync="TRUE">0</atprecis><attscale Sync="TRUE">0</attscale></attr><attr><attrlabl Sync="TRUE">Shape_Area</attrlabl><attalias Sync="TRUE">Shape_Area</attalias><attrtype Sync="TRUE">Double</attrtype><attwidth Sync="TRUE">19</attwidth><atprecis Sync="TRUE">0</atprecis><attscale Sync="TRUE">0</attscale><attrdef Sync="TRUE">Area of feature in internal units squared.</attrdef><attrdefs Sync="TRUE">ESRI</attrdefs><attrdomv><udom Sync="TRUE">Positive real numbers that are automatically generated.</udom></attrdomv></attr><attr><attrlabl Sync="TRUE">HydroID</attrlabl><attalias Sync="TRUE">HydroID</attalias><attrtype Sync="TRUE">Integer</attrtype><attwidth Sync="TRUE">9</attwidth><atprecis Sync="TRUE">9</atprecis><attscale Sync="TRUE">0</attscale></attr><attr><attrlabl Sync="TRUE">Name</attrlabl><attalias Sync="TRUE">Name</attalias><attrtype Sync="TRUE">String</attrtype><attwidth Sync="TRUE">254</attwidth><atprecis Sync="TRUE">0</atprecis><attscale Sync="TRUE">0</attscale></attr></detailed></eainfo><mdDateSt Sync="TRUE">20140704</mdDateSt><mdChar><CharSetCd value="004"></CharSetCd></mdChar></metadata>
